{"cameraMode":{"drawMode":0,"name":"Shaded","section":"Shading Mode"},"sceneLighting":true,"audioPlay":false,"sceneViewState":{"showFog":true,"showMaterialUpdate":false,"showSkybox":true,"showFlares":true,"showImageEffects":true,"showParticleSystems":true},"in2DMode":false,"pivot":{"x":-4.053091049194336,"y":3.629939079284668,"z":-8.65544319152832},"rotation":{"x":0.14863614737987519,"y":0.18230774998664857,"z":-0.02789231576025486,"w":0.971541702747345},"size":2.8578836917877199,"orthographic":false}